dist_before,dist_after
0.6265360116958618,0.08316856622695923
