dist_before,dist_after
0.6265360116958618,0.49710220098495483
