dist_before,dist_after
0.6265360116958618,0.19932794570922852
