dist_before,dist_after
0.6265360116958618,0.5613226890563965
