dist_before,dist_after
0.6662291884422302,0.642091691493988
