dist_before,dist_after
0.6247546672821045,0.005148649215698242
