dist_before,dist_after
0.6247546672821045,0.0023534297943115234
