dist_before,dist_after
0.6662291884422302,0.6934505701065063
