dist_before,dist_after
0.6265360116958618,0.5858513116836548
