dist_before,dist_after
0.6247546672821045,0.0025644302368164062
