dist_before,dist_after
0.6662291884422302,0.3144460916519165
