dist_before,dist_after
0.6265360116958618,0.5181211233139038
